Month,GMV,GMV_M,MoM_Change
1,55825.16,0.055825160000000006,
2,148753.15,0.14875315,166.46255917582678
3,295426.67,0.29542667,98.60195901733846
4,202528.92,0.20252892,-31.445282174422495
5,297309.88,0.29730988,46.79872879389273
6,269244.38,0.26924438,-9.439814109103938
7,232303.84,0.23230383999999998,-13.720078391236989
8,61707.6,0.0617076,-73.4366853341727
