Country,Total_Users,Repurchase_Users,Repurchase_Rate
UK,709,652,0.919605077574048
Netherlands,56,35,0.625
Germany,84,47,0.5595238095238095
France,74,42,0.5675675675675675
Spain,57,0,0.0
