Month,Total_Users,Repurchase_Users,Repurchase_Rate
1,103,13,0.1262135922330097
2,275,41,0.14909090909090908
3,391,71,0.1815856777493606
4,302,45,0.1490066225165563
5,407,74,0.18181818181818182
6,357,70,0.19607843137254902
7,296,44,0.14864864864864866
8,102,5,0.049019607843137254
