category,GMV,订单数,利润,客单价,利润率,GMV占比,利润占比,GMV累计占比,ABC
手机数码,72597292.4,10699,7676251.38,6785.427834377045,10.573743353546886,46.3,31.6,46.3,A
家用电器,43706738.86,10728,5447021.11,4074.080803504847,12.462657366059087,27.9,22.4,74.19999999999999,B
运动户外,20045321.49,10658,4926864.04,1880.7770210170763,24.57862320870165,12.8,20.3,86.99999999999999,B
服装鞋包,9843793.17,10497,3008626.27,937.7720462989425,30.56368838761369,6.3,12.4,93.29999999999998,C
美妆个护,8617740.34,10588,2864464.53,813.9157857952399,33.23916034815223,5.5,11.8,98.79999999999998,C
食品生鲜,2116148.21,10475,380921.67,202.01892219570405,18.000708466445268,1.3,1.6,100.09999999999998,C
