channel,家用电器,手机数码,服装鞋包,美妆个护,运动户外,食品生鲜
APP,27.003735659878032,47.16183382135667,6.292903552710086,5.477834885598281,12.707431385859635,1.3562606945973004
PC网页,27.82508450813567,46.54844753993038,6.267274272759982,5.5940195859587725,12.475833027610566,1.2893410656046282
微信小程序,27.809664338648922,46.26272192443094,6.289312273023165,5.535765236613151,12.721253122144619,1.3812831051391896
线下门店,30.017131106409717,43.68779683753212,6.198529432131929,5.2887859154305845,13.461897620870117,1.345859087625547
