channel,GMV,订单数,利润,客单价,利润率,GMV占比
APP,54920160.48,22349,8440442.29,2457.3878240637164,15.36856814734493,35.0
微信小程序,46964228.23,19162,7281552.96,2450.904301743033,15.504466344767188,29.9
PC网页,32233506.02,12781,5047531.06,2521.986231124325,15.659267896170359,20.5
线下门店,22809139.74,9353,3534622.69,2438.6977162407784,15.496519072139279,14.5
