分层,人数,总GMV,人均GMV,人均订单,GMV占比,人数占比
VIP,1487,101216188.54,68067.37628782785,23.327505043712172,64.5,49.6
高频客户,1491,55437943.12,37181.71906103286,19.22334004024145,35.3,49.7
活跃客户,22,272902.81,12404.673181818182,13.409090909090908,0.2,0.7
