province,GMV,订单数,利润,客户数,客单价,利润率,GMV占比
华东,41733438.46,16702,6466487.71,791,2498.7090444258174,15.49473982642934,26.6
华南,35107860.13,14318,5439001.82,675,2452.0086695069144,15.49226241605173,22.4
华北,26816081.919999998,10815,4121349.12,517,2479.52676098012,15.368945889616375,17.1
西南,20014692.94,8340,3098491.99,392,2399.843278177458,15.481086816013875,12.8
华中,18718333.67,7614,2873257.07,355,2458.4099908064095,15.349961810997037,11.9
东北,7348906.59,2950,1174569.59,138,2491.154776271186,15.982916310275211,4.7
西北,7187720.76,2906,1130991.7,132,2473.407006194081,15.735053402380645,4.6
